noun,goryachij,teplyj
вода,282642,121726
любовь,56761,2924
точка,48643,111
след,40068,437
воздух,38684,39536
желание,30704,122
чай,30676,1663
сердце,30455,2105
отклик,30435,557
прокатка,30278,1657
рука,28246,14169
поддержка,25668,103
пища,25156,649
привет,24382,1700
участие,23691,3668
источник,23588,3038
голова,23487,312
цех,22915,48
кровь,22826,6926
газ,22570,336
электрон,21013,837
сочувствие,20238,1764
раствор,18579,3962
звезда,17562,400
состояние,15373,663
речь,15341,948
дыхание,14946,7531
пора,14861,1554
чувство,14757,27052
плазма,14492,445
благодарность,14455,1311
время,13316,44227
симпатия,13150,907
слово,12923,37942
песок,12495,3201
солнце,11772,5116
день,10722,32478
ветер,10374,22853
вера,10029,3056
обработка,10019,73
уголь,9586,53
слеза,9426,3106
пятно,9268,735
кофе,9049,264
ключ,8929,1710
молоко,8851,7187
волна,8490,8573
зона,8346,2442
деформация,8189,891
молитва,7993,4296
ванна,7715,7402
вид,7203,2890
интерес,7054,138
глаз,6449,2084
луч,6089,8199
спирт,5977,326
губа,5977,3076
металл,5708,285
пар,5677,2683
тело,5553,4842
зола,5449,1034
пыль,5428,2174
ладонь,5089,6353
струя,4862,3661
напиток,4800,75
вино,4732,653
поздравление,4678,2212
признательность,4642,339
картошка,4638,215
прием,4407,14714
пожелание,4369,1489
суп,4297,350
камень,4288,2603
лоб,4029,200
печь,4026,3281
аплодисменты,4022,53
земля,3957,9500
утюг,3936,279
способ,3919,229
щека,3871,847
приветствие,3765,2771
жидкость,3710,889
масло,3687,658
область,3687,1932
привязанность,3493,594
поцелуй,3478,152
поток,3426,2053
хлеб,3405,3538
щи,3345,128
поверхность,3156,1155
пирожок,3101,257
участок,3092,1081
пот,3047,104
душ,3000,1383
свет,2913,9410
разговор,2832,203
плита,2778,712
лицо,2761,325
шепот,2738,123
каша,2701,258
камера,2677,342
стенка,2672,520
печка,2583,4620
дружба,2497,2218
душа,2497,1507
лепешка,2468,355
место,2446,24652
человек,2418,768
асфальт,2262,616
смесь,2260,248
взгляд,2199,3327
бензол,2182,157
еда,2167,129
порыв,2161,91
смола,2032,99
пепел,1953,686
железо,1935,62
бульон,1909,302
конец,1849,586
духовка,1826,204
объятие,1788,835
пламень,1686,142
часть,1685,5480
надежда,1679,315
туман,1679,2753
баня,1658,797
палец,1623,1338
борщ,1565,58
ящик,1564,716
похлебка,1507,158
мольба,1493,500
чайник,1465,81
минута,1464,95
полоса,1452,431
письмо,1432,5950
запах,1425,5336
ужин,1417,76
краска,1394,1478
радость,1384,716
блеск,1358,773
характер,1357,226
слой,1352,3182
кирпич,1290,605
дым,1234,831
воск,1226,426
сироп,1209,136
он,1202,155
грудь,1190,1879
мясо,1187,762
язык,1182,575
румянец,1168,114
ацетон,1162,112
пирог,1154,119
материал,1147,111
спасибо,1145,89
нрав,1131,48
жизнь,1120,973
среда,1106,563
рассол,1105,43
беседа,1091,964
метанол,1090,61
снег,1088,900
забота,1083,1353
статья,1060,286
сторона,1045,1307
масса,1028,3007
капля,1027,1625
час,1011,157
компресс,1007,384
ядро,988,1707
свинец,979,61
мысль,971,160
пары,967,45
огонь,936,922
вещество,922,43
атмосфера,905,2412
струйка,903,1360
отношение,896,12109
встреча,876,5965
труба,855,700
небо,850,1696
строка,836,1507
рот,807,141
лето,801,10240
стекло,799,117
искра,794,99
жир,776,51
комок,736,442
голос,721,1908
поле,691,193
влага,688,1428
осколок,677,92
дух,665,1453
сила,652,225
денек,641,885
варево,640,106
выражение,618,927
пара,604,107
денечек,601,88
переход,601,812
плечо,597,1856
спина,588,579
нежность,581,348
кусок,556,187
кожа,543,1000
парень,541,55
марево,537,237
вод,529,2507
ласка,527,1217
галька,519,181
дождь,507,12069
период,503,44589
озеро,478,1037
питие,475,524
промывка,470,340
кружка,463,42
степь,457,303
настой,457,517
учасие,455,106
подушка,444,449
трава,438,1714
год,437,5005
ток,427,435
ручка,426,422
реакция,417,54
образ,410,353
бок,394,2696
лед,393,166
нога,389,543
полдень,388,263
вихорь,383,724
биение,382,55
отвар,373,358
ветерок,364,5723
дорога,359,116
прикосновение,358,662
искренность,354,60
бутылка,351,90
ствол,336,532
солнышко,327,1758
облако,321,1649
грязь,321,342
впечатление,306,197
фаза,305,1295
булочка,282,149
месяц,281,14140
внимание,280,1024
шея,273,925
волочение,265,216
волнение,265,56
форма,257,46
припарка,253,287
мед,252,473
ночь,248,9654
тьма,246,714
грелка,239,124
дрожь,236,138
усердие,235,153
цвет,233,1575
цветок,232,508
постель,229,8709
толчок,223,49
стих,209,132
отзыв,206,1462
звон,197,62
водка,196,943
навоз,196,749
память,186,603
тяжесть,186,443
упование,185,61
сияние,185,686
река,180,1156
очаг,179,821
стена,178,1274
темнота,177,864
ком,175,123
тон,174,7008
почва,170,1126
водичка,169,828
котлета,168,48
живот,165,519
жалость,164,97
хвоя,163,158
р,151,54
головка,151,41
рукопожатие,150,364
слюна,145,43
н,145,626
воспоминание,140,6346
ухо,134,218
пойло,130,520
ручеек,129,164
улыбка,125,3638
звук,125,331
асфальтобетон,123,149
доска,123,433
нос,122,183
бурда,122,106
шапка,121,5189
контакт,120,44
фраза,120,83
фронт,119,7528
сталь,118,59
зерно,117,386
висок,117,56
сон,116,752
бедро,113,115
заступник,112,293
крыша,110,485
салфетка,107,61
кольцо,107,61
яйцо,106,337
эфир,106,84
мука,103,252
я,101,40
броня,100,74
они,100,41
счастие,99,173
морда,97,537
ливень,95,1264
буханка,95,130
тишина,94,942
колено,92,546
женщина,79,78
лист,79,160
пол,79,800
слезинка,78,105
долина,77,906
пустота,75,60
мрак,75,416
родник,75,131
движение,74,122
капот,73,290
покрытие,73,45
высказывание,72,46
капелька,72,98
батарея,72,650
мгла,72,781
нутро,71,246
пиво,71,934
полотенце,71,195
пожатие,71,195
энергия,70,98
парок,70,179
пена,69,118
осень,69,6264
тесто,68,95
ручей,68,540
теснота,68,82
страница,67,428
проводы,67,393
берег,67,511
уважение,67,55
аромат,67,768
красота,66,59
п,65,158
ручонка,64,123
ощущение,64,219
костер,64,53
затылок,64,46
глина,64,172
переписка,63,62
жижа,63,211
сок,63,419
радиатор,63,69
море,63,19266
скала,62,42
шерсть,61,759
город,61,413
водица,60,603
плоть,59,578
локоть,59,113
грусть,59,693
тельце,59,624
брызги,58,182
воз,58,40
пальчик,58,66
трепет,57,54
перо,57,137
лоно,57,139
вагон,57,771
булка,57,139
июль,56,164
игла,56,45
она,55,587
отблеск,55,217
трубка,55,105
блик,54,249
печурка,54,180
влажность,54,155
вонь,54,43
отделение,54,51
испарина,54,120
истома,53,194
синева,53,314
круг,53,150
закат,52,144
роса,52,472
машина,52,374
ребята,52,309
регион,52,94
испарение,52,383
печень,52,55
песочек,51,264
юг,51,1545
мир,51,638
шум,50,65
простыня,50,57
речка,49,234
сырость,49,1086
ноздря,49,146
дерево,49,585
листва,48,109
начало,48,103
строчка,48,67
крыло,48,607
горло,48,42
пистолет,47,70
гора,47,44
обращение,47,152
духота,47,45
дно,46,80
солома,46,354
лежанка,46,1566
край,46,13625
тропинка,46,47
компот,45,48
кусочек,44,62
грунт,44,60
сквозняк,44,77
взор,44,82
материя,43,119
въры,43,40
храп,43,45
глубина,43,315
песня,43,43
послание,42,243
